{
  "map_path": "/Game/Maps/MoscowEA6",
  "changed": true,
  "saved": true,
  "before": {
    "location": {
      "x": -29070.999999999884,
      "y": -78192.99999999988,
      "z": -208858.0
    },
    "rotation": {
      "pitch": -45.00000000000005,
      "yaw": 6.762016498210021e-14,
      "roll": 2.9742787928840006e-15
    },
    "scale": {
      "x": 0.9727478027343748,
      "y": 0.9727478027343748,
      "z": 0.9797938977571226
    }
  },
  "after": {
    "location": {
      "x": -29070.999999999884,
      "y": -78192.99999999988,
      "z": -208858.0
    },
    "rotation": {
      "pitch": 0.0,
      "yaw": 6.3611093629270335e-15,
      "roll": -0.0
    },
    "scale": {
      "x": 1.0,
      "y": 1.0,
      "z": 1.0
    }
  },
  "error": ""
}