{
  "map_path": "/Game/Maps/SnowMap_MoscowEA5",
  "player_start_location": {
    "x": 19098.52354624185,
    "y": 33742.21176274441,
    "z": 424.1410977591004
  },
  "covering_components": []
}